Group,A Capella
Solo,A Capella
Group,Instrumental
Group,Instrumental
Solo,Instrumental
Solo,Instrumental
Solo,Instrumental
Group,A Capella
Group,Instrumental
Solo,Instrumental
Solo,Instrumental
Group,A Capella
Group,Instrumental
Group,A Capella
Solo,Instrumental
Solo,Instrumental
Group,A Capella
Solo,A Capella
Group,A Capella
Group,Instrumental
Solo,A Capella
Solo,Instrumental
Solo,Instrumental
Group,A Capella
Group,A Capella
Solo,Instrumental
Group,Instrumental
Group,A Capella
Group,Instrumental
Group,Instrumental
Group,A Capella